<?xml version="1.0" encoding="UTF-8"?>
<project-private xmlns="http://www.netbeans.org/ns/project-private/1">
    <editor-bookmarks xmlns="http://www.netbeans.org/ns/editor-bookmarks/2" lastBookmarkId="0"/>
    <open-files xmlns="http://www.netbeans.org/ns/projectui-open-files/2">
        <group>
            <file>file:/C:/Users/Mattia%20Checchetto/Documents/NetGitHub/GiocoDelleBocce2D/src/main/CollisionChecker.java</file>
            <file>file:/C:/Users/Mattia%20Checchetto/Documents/NetGitHub/GiocoDelleBocce2D/src/object/OBJ_Items.java</file>
            <file>file:/C:/Users/Mattia%20Checchetto/Documents/NetGitHub/GiocoDelleBocce2D/src/entity/Player.java</file>
            <file>file:/C:/Users/Mattia%20Checchetto/Documents/NetGitHub/GiocoDelleBocce2D/src/main/FarmingGame2D.java</file>
            <file>file:/C:/Users/Mattia%20Checchetto/Documents/NetGitHub/GiocoDelleBocce2D/src/main/AssetSetter.java</file>
            <file>file:/C:/Users/Mattia%20Checchetto/Documents/NetGitHub/GiocoDelleBocce2D/src/object/OBJ_Chest.java</file>
            <file>file:/C:/Users/Mattia%20Checchetto/Documents/NetGitHub/GiocoDelleBocce2D/src/main/tile/TileManager.java</file>
            <file>file:/C:/Users/Mattia%20Checchetto/Documents/NetGitHub/GiocoDelleBocce2D/src/object/OBJ_Field.java</file>
            <file>file:/C:/Users/Mattia%20Checchetto/Documents/NetGitHub/GiocoDelleBocce2D/src/entity/Entity.java</file>
            <file>file:/C:/Users/Mattia%20Checchetto/Documents/NetGitHub/GiocoDelleBocce2D/src/main/UtilityTool.java</file>
            <file>file:/C:/Users/Mattia%20Checchetto/Documents/NetGitHub/GiocoDelleBocce2D/src/main/GamePanel.java</file>
            <file>file:/C:/Users/Mattia%20Checchetto/Documents/NetGitHub/GiocoDelleBocce2D/src/main/EventHandler.java</file>
            <file>file:/C:/Users/Mattia%20Checchetto/Documents/NetGitHub/GiocoDelleBocce2D/src/object/SuperObject.java</file>
            <file>file:/C:/Users/Mattia%20Checchetto/Documents/NetGitHub/GiocoDelleBocce2D/src/main/KeyHandler.java</file>
            <file>file:/C:/Users/Mattia%20Checchetto/Documents/NetGitHub/GiocoDelleBocce2D/src/main/UI.java</file>
            <file>file:/C:/Users/Mattia%20Checchetto/Documents/NetGitHub/GiocoDelleBocce2D/src/res/maps/worldV2.txt</file>
            <file>file:/C:/Users/Mattia%20Checchetto/Documents/NetGitHub/GiocoDelleBocce2D/src/entity/Cow.java</file>
        </group>
    </open-files>
</project-private>
