<?xml version="1.0" encoding="UTF-8"?>
<project-private xmlns="http://www.netbeans.org/ns/project-private/1">
    <editor-bookmarks xmlns="http://www.netbeans.org/ns/editor-bookmarks/2" lastBookmarkId="0"/>
    <open-files xmlns="http://www.netbeans.org/ns/projectui-open-files/2">
        <group>
            <file>file:/C:/Users/Studente%20Turno%20B.4-22-PC05/Documents/GitHub/NetGitHub/GiocoDelleBocce2D/src/entity/Entity.java</file>
            <file>file:/C:/Users/Studente%20Turno%20B.4-22-PC05/Documents/GitHub/NetGitHub/GiocoDelleBocce2D/src/entity/Player.java</file>
            <file>file:/C:/Users/Studente%20Turno%20B.4-22-PC05/Documents/GitHub/NetGitHub/GiocoDelleBocce2D/src/main/UI.java</file>
            <file>file:/C:/Users/Studente%20Turno%20B.4-22-PC05/Documents/GitHub/NetGitHub/GiocoDelleBocce2D/src/object/SuperObject.java</file>
            <file>file:/C:/Users/Studente%20Turno%20B.4-22-PC05/Documents/GitHub/NetGitHub/GiocoDelleBocce2D/src/main/GamePanel.java</file>
            <file>file:/C:/Users/Studente%20Turno%20B.4-22-PC05/Documents/GitHub/NetGitHub/GiocoDelleBocce2D/src/main/CollisionChecker.java</file>
            <file>file:/C:/Users/Studente%20Turno%20B.4-22-PC05/Documents/GitHub/NetGitHub/GiocoDelleBocce2D/src/object/OBJ_Key.java</file>
            <file>file:/C:/Users/Studente%20Turno%20B.4-22-PC05/Documents/GitHub/NetGitHub/GiocoDelleBocce2D/src/object/OBJ_Heart.java</file>
            <file>file:/C:/Users/Studente%20Turno%20B.4-22-PC05/Documents/GitHub/NetGitHub/GiocoDelleBocce2D/src/main/KeyHandler.java</file>
        </group>
    </open-files>
</project-private>
